userid,repository name,commit frequency,fork
gaearon ,website,606,1100
gaearon ,metro,2360,677
gaearon ,react-native,5443,24000
gaearon ,react-freeze,28,29
gaearon ,react,7733,45300
cheshire137,dotfiles,139,1
cheshire137,gh-slack,63,17
cheshire137,github-a11y,115,5
cheshire137,gh-deflake,29,2
cheshire137,pr-size-helper-action,93,3
frenck,python-wled,1138,16
frenck,python-pvoutput,487,1
frenck,python-vehicle,532,4
frenck,actio-addon-linter,153,2
frenck,spook,458,20
charliermarsh ,pubgrub,152,23
charliermarsh ,black,1612,2300
charliermarsh ,airflow,20540,13100
charliermarsh ,ignore-crate-repro,1,0
charliermarsh ,mkdocs-material,5313,3200
